Destination,Prefix,Price,Code,State,LATA,Class,OCN
United States Florida,123,0.444,USA,Florida,Kazkas,4,Dar Kazkas
United States Minesota,124,0.004,USA,Minesota,Kazikas,6,Dar Kazikas
United States Teksasas,125,0.484,USA,Teksasas,Kas,4,Nezine Kas
United States Vermontas,126,0.554,USA,Vermontas,Kazkasss,3,SSS Kazkas
United States Tenesis,127,0.764,USA,Tenesis,Kazkas12,4,Dar Kazkas32
United States Montana,128,0.4,USA,Montana,Kazkas43,8,Dar Kazkas321
United States Kanzasas,129,0.844,USA,Kanzasas,Kazkas Mhm,7,Dar Kazkass
United States Dzordzoja,130,0.98,USA,Dzordzoja,Kazkas tai,0,Dar Kazkas tai
United States Meinas,131,0.484,USA,Meinas,KAs tai,4,Dar Kas
United States Kalifornija,133,0.64,USA,Kalifornija,Kazkaz,3,Dar Kazkaz
United States Arkanzasas,167,0.404,USA,Arkanzasas,Kazkaaaas,2,Dar Kazkaaaas
United States Indiana,187,0.001,USA,Indiana,Kazkaip,9,Dar Kazkaip
Afghanistan Mobile Roshan,9379,0.1870,AFG
Albania Mobile,35538,0.2560,ALB
Albania Mobile,3556,0.2500,ALB
ALBANIA Mobile AMC,35568,0.1230,ALB
Albania Mobile Eagle,35567,0.1770,ALB
ALBANIA Mobile FONE,35569,0.1260,ALB
Albania Proper,355,5.0050,ALB
Albania Cha,3554,0.0304,ALB
Albania Tirane,35541,0.0304,ALB
Albania Chi,35542,0.0304,ALB
Albania Tirane,35543,0.0504,ALB
Albania Tirane,35544,0.0304,ALB
